Model,R2,RMSE,MAE
Linear Regression,0.9935008442581972,8.710673981598854,7.533948527877903
Random Forest,0.9931910893325337,8.915836701210289,7.659004033360677
